"","GeneID","Variants","gnomAD.Frequency","Clinvar.Classification","ACMG.Criteria","Interpretation","ProtSAVI.Classification"
"1","ADA2","C408S",NA,"VUS","PM2,PP3 supporting,PM5,PP2","","VUS Leaning Pathogenic"
"2","ADA2","V458G",0,"VUS","PM2,PP3 supporting,PM5,PP2","","VUS Leaning Pathogenic"
"3","ADA2","G326R",0,"VUS","PM2,PP3 moderate,PP2","","VUS Leaning Pathogenic"
"4","ADA2","N127H",0,"VUS","PM2,PP3 moderate,PP2","","VUS Leaning Pathogenic"
"5","ADA2","Y453H",0,"VUS","PM2,PM5,PP2","","VUS Leaning Pathogenic"
"6","ADA2","G364R",NA,"VUS","PM2,PP3 moderate,PP2","","VUS Leaning Pathogenic"
"7","ADA2","D238G",NA,"VUS","PM2,PP3 moderate,PP2","","VUS Leaning Pathogenic"
"8","ADA2","V325M",0,"VUS","PM2,PP3 moderate,PP2","binding site","VUS Leaning Pathogenic"
"9","ADA2","H424R",NA,"VUS","PM2,PP3 moderate,PP2","","VUS Leaning Pathogenic"
"10","ADA2","P106R",NA,"VUS","PM2,PP3 moderate,PP2","","VUS Leaning Pathogenic"
"11","ADA2","C137S",0,"VUS","PM2,PP3 moderate,PP2","","VUS Leaning Pathogenic"
"12","ADA2","E254K",0,"VUS","PM2,PP3 moderate,PP2","","VUS Leaning Pathogenic"
"13","ADA2","P409S",0,"VUS","PM2,PP3 moderate,PP2","","VUS Leaning Pathogenic"
"14","ADA2","G326E",0,"VUS","PM2,PP3 moderate,PP2","","VUS Leaning Pathogenic"
"15","ADA2","H391Q",0,"VUS","PM2,PP3 moderate,PP2","oligomerization site and contact with PTM site","VUS Leaning Pathogenic"
"16","ADA2","H85D",NA,"VUS","PM2,PP3 supporting,PP2","Protein-protein interaction site","VUS"
"17","ADA2","W204C",0,"VUS","PM2,PP3 supporting,PP2","binding site","VUS"
"18","ADA2","F207C",0,"VUS","PM2,PP3 supporting,PP2","binding site","VUS"
"19","ADA2","F207S",NA,"VUS","PM2,PP3 supporting,PP2","binding site","VUS"
"20","ADA2","D373V",0,"VUS","PM2,PP3 supporting,PP2","oligomerization site","VUS"
"21","ADA2","H391R",0,"VUS","PM2,PP3 supporting,PP2","oligomerization site and contact with PTM site","VUS"
"22","ADA2","I93T",0,"VUS","PM2,PP3 supporting,PP2","Protein-protein interaction site","VUS"
"23","ADA2","M105V",0,"VUS","PM2,PP3 supporting,PP2","","VUS"
"24","ADA2","C137Y",0,"VUS","PM2,PP3 supporting,PP2","","VUS"
"25","ADA2","G285V",NA,"VUS","PM2,PP3 supporting,PP2","","VUS"
"26","ADA2","A387T",NA,"VUS","PM2,PP3 supporting,PP2","","VUS"
"27","ADA2","D122V",NA,"VUS","PM2,PP3 supporting,PP2","","VUS"
"28","ADA2","H114Q",NA,"VUS","PM2,PP3 supporting,PP2","","VUS"
"29","ADA2","G321R",NA,"VUS","PM2,PP3 supporting,PP2","","VUS"
"30","ADA2","V418L",1e-04,"VUS","PM2,PP3 supporting,PP2","","VUS"
"31","ADA2","P435S",NA,"VUS","PM2,PP3 supporting,PP2","","VUS"
"32","ADA2","S452P",NA,"VUS","PM2,PP3 supporting,PP2","","VUS"
"33","ADA2","S452C",0,"VUS","PM2,PP3 supporting,PP2","","VUS"
"34","ADA2","C159Y",0,"VUS","PM2,PP3 supporting,PP2","","VUS"
"35","ADA2","F276S",NA,"VUS","PM2,PP3 supporting,PP2","contact with PTM site","VUS"
"36","ADA2","L249R",0,"VUS","PM2,PP3 supporting,PP2","","VUS"
"37","ADA2","G285E",0,"VUS","PM2,PP3 supporting,PP2","","VUS"
"38","ADA2","M436T",0,"VUS","PM2,PP3 supporting,PP2","","VUS"
"39","ADA2","S366F",NA,"VUS","PM1,PM2","","VUS"
"40","ADA2","I480T",0,"VUS","PM2,PP3 supporting,PP2","","VUS"
"41","ADA2","L451F",NA,"VUS","PM2,PP3 supporting,PP2","","VUS"
"42","ADA2","M1I",NA,"VUS","PM2,BP4 supporting,PM5,PP2","","VUS"
"43","ADA2","I405T",0,"VUS","PM2,PP3 supporting,PP2","contact with PTM site","VUS"
"44","ADA2","D329N",0,"VUS","PM2,PP3 supporting,PP2","","VUS"
"45","ADA2","I382M",NA,"VUS","PM2,PP3 supporting,PP2","","VUS"
"46","ADA2","N423K",0,"VUS","PM2,PP3 supporting,PP2","","VUS"
"47","ADA2","W501R",0,"VUS","PM2,PP3 supporting,PP2","","VUS"
"48","ADA2","L351Q",0,NA,"PM2,PP3 supporting,PP2","contact with PTM site","VUS"
"49","ADA2","H135P",NA,"VUS","PM2,PP2","","VUS"
"50","ADA2","I245M",0,"VUS","PM2,PP2","","VUS"
"51","ADA2","L124V",NA,"VUS","PM2,PP2","","VUS"
"52","ADA2","E271K",0,"VUS","PM2,PP2","contact with PTM site","VUS"
"53","ADA2","T379A",0,"VUS","PM2,PP2","","VUS"
"54","ADA2","V426I",NA,"VUS","PM2,PP2","","VUS"
"55","ADA2","D454N",0,"VUS","PM2,PP2","","VUS"
"56","ADA2","M460V",0,"VUS","PM2,PP2","","VUS"
"57","ADA2","M460L",0,"VUS","PM2,PP2","","VUS"
"58","ADA2","M445K",NA,"VUS","PM2,PP2","","VUS"
"59","ADA2","V203G",0,"VUS","PM2,PP2","","VUS"
"60","ADA2","M243V",0,"VUS","PM2,PP2","","VUS"
"61","ADA2","P153S",NA,"VUS","PM2,PP2","","VUS"
"62","ADA2","A110V",0,"VUS","PM2,PP2","","VUS"
"63","ADA2","N100Y",0,"VUS","PM2,PP2","Protein-protein interaction site","VUS"
"64","ADA2","A149V",NA,"VUS","PM2,PP2","","VUS"
"65","ADA2","V119M",0,"VUS","PM2,PP2","","VUS"
"66","ADA2","E57D",NA,"VUS","PM1,PM2,BP4 supporting","Protein-protein interaction site","VUS"
"67","ADA2","T139A",0,"VUS","PM2,PP2","","VUS"
"68","ADA2","S291L",0,"VUS","PM2,PP2","","VUS"
"69","ADA2","H260Q",NA,"VUS","PM2,PP2","","VUS"
"70","ADA2","M309T",0,"VUS","PM2,PP2","contact with PTM site","VUS"
"71","ADA2","M84V",1e-04,"VUS","PM2,PP2","Protein-protein interaction site","VUS"
"72","ADA2","D226N",0,"VUS","PM2,PP2","","VUS"
"73","ADA2","R34P",0,"VUS","PM2,PP2","Protein-protein interaction site and oligomerization site","VUS"
"74","ADA2","P316S",0,"VUS","PM2,PP2","","VUS"
"75","ADA2","I367V",0,"VUS","PM1,PM2,BP4 supporting","contact with PTM site","VUS"
"76","ADA2","H327R",0,"VUS","PM2,PP2","contact with PTM site","VUS"
"77","ADA2","T379S",0,"VUS","PM2,PP2","","VUS"
"78","ADA2","A89V",0,"VUS","PM2,PP2","Protein-protein interaction site","VUS"
"79","ADA2","Y482C",NA,"VUS","PM2,PP2","","VUS"
"80","ADA2","V223L",NA,"VUS","PM2,PP2","","VUS"
"81","ADA2","M445T",0,"VUS","PM2,PP2","","VUS"
"82","ADA2","D323N",NA,"VUS","PM2,PP2","","VUS"
"83","ADA2","S333Y",0,"VUS","PM2,PP2","","VUS"
"84","ADA2","G216V",0,"VUS","PM2,PP2","","VUS"
"85","ADA2","H260Y",0,"VUS","PM2,PP2","","VUS"
"86","ADA2","M445I",0,"VUS","PM2,PP2","","VUS"
"87","ADA2","G450A",0,"VUS","PM2,PP2","","VUS"
"88","ADA2","I367L",0,"VUS","PM1,PM2,BP4 supporting","contact with PTM site","VUS"
"89","ADA2","M232T",0,"VUS","PM2,PP2","","VUS"
"90","ADA2","F211Y",0,"VUS","PM2,PP2","binding site","VUS"
"91","ADA2","I371F",NA,"VUS","PM2,PP2","","VUS"
"92","ADA2","I367T",0,"VUS","PM1,PM2,BP4 supporting","contact with PTM site","VUS"
"93","ADA2","Y242H",0,"VUS","PM2,PP2","","VUS"
"94","ADA2","P344S",0,"VUS","PM2,PP2","","VUS"
"95","ADA2","N127S",0,"VUS","PM2,PP2","","VUS"
"96","ADA2","T209I",0,"VUS","PM2,PP2","","VUS"
"97","ADA2","F224L",NA,"VUS","PM2,PP2","","VUS"
"98","ADA2","G450S",0,"VUS","PM2,PP2","","VUS"
"99","ADA2","Y236C",0,"VUS","PM2,PP2","","VUS"
"100","ADA2","T380I",0,"VUS","PM2,PP2","","VUS"
"101","ADA2","V240M",0,"VUS","PM2,PP2","","VUS"
"102","ADA2","V203A",0,"VUS","PM2,PP2","","VUS"
"103","ADA2","A221V",NA,"VUS","PM2,PP2","","VUS"
"104","ADA2","R103W",0,"VUS","PM2,PP2","","VUS"
"105","ADA2","A345P",0,"VUS","PM2,PP2","","VUS"
"106","ADA2","R154C",1e-04,"VUS","PM2,PP2","","VUS"
"107","ADA2","L52V",0,"VUS","PM2,PP2","Protein-protein interaction site and contact with PTM site","VUS"
"108","ADA2","V458A",0,"VUS","PM2,BP4 moderate,PM5,PP2","","VUS"
"109","ADA2","H293R",0,"VUS","PM2,PP2","","VUS"
"110","ADA2","Y253C",0,"VUS","PM2,PP2","","VUS"
"111","ADA2","G48V",0,"VUS","PM2,PP2","Protein-protein interaction site","VUS"
"112","ADA2","N378K",0,"VUS","PM2,PP2","","VUS"
"113","ADA2","T317M",1e-04,"VUS","PM2,PP2","","VUS"
"114","ADA2","A340S",0,"VUS","PM2,PP2","","VUS"
"115","ADA2","R230W",0,"VUS","PM2,PP2","","VUS"
"116","ADA2","M121T",NA,"VUS","PM2,PP2","","VUS"
"117","ADA2","R154H",0,"VUS","PM2,PP2","","VUS"
"118","ADA2","L475M",0,"VUS","PM2,PP2","","VUS"
"119","ADA2","T120I",1e-04,"VUS","PM2,PP2","","VUS"
"120","ADA2","R312P",NA,"VUS","PM2,PP2","","VUS"
"121","ADA2","I462T",1e-04,"VUS","PM2,PP2","","VUS"
"122","ADA2","G48E",0,"VUS","PM2,PP2","Protein-protein interaction site","VUS"
"123","ADA2","A247V",0,"VUS","PM2,PP2","","VUS"
"124","ADA2","S488C",NA,"VUS","PM2,BP4 supporting,PP2","","VUS Leaning Benign"
"125","ADA2","L486F",NA,"VUS","PM2,BP4 supporting,PP2","","VUS Leaning Benign"
"126","ADA2","M64R",0,"VUS","PM2,BP4 supporting,PP2","Protein-protein interaction site and contact with PTM site","VUS Leaning Benign"
"127","ADA2","T330A",NA,"VUS","PM1,PM2,BP4 moderate","","VUS Leaning Benign"
"128","ADA2","M121V",NA,"VUS","PM2,BP4 supporting,PP2","","VUS Leaning Benign"
"129","ADA2","L113I",0,"VUS","PM2,BP4 supporting,PP2","","VUS Leaning Benign"
"130","ADA2","A302T",0,"VUS","PM2,BP4 supporting,PP2","","VUS Leaning Benign"
"131","ADA2","S256N",0,"VUS","PM2,BP4 supporting,PP2","","VUS Leaning Benign"
"132","ADA2","V189L",0,"VUS","PM2,BP4 supporting,PP2","","VUS Leaning Benign"
"133","ADA2","E194K",NA,"VUS","PM2,BP4 supporting,PP2","","VUS Leaning Benign"
"134","ADA2","I284L",NA,"VUS","PM2,BP4 supporting,PP2","","VUS Leaning Benign"
"135","ADA2","S156P",0,"VUS","PM2,BP4 supporting,PP2","","VUS Leaning Benign"
"136","ADA2","V300L",NA,"VUS","PM2,BP4 supporting,PP2","","VUS Leaning Benign"
"137","ADA2","R103K",0,"VUS","PM2,BP4 supporting,PP2","","VUS Leaning Benign"
"138","ADA2","E489K",0,"VUS","PM2,BP4 supporting,PP2","","VUS Leaning Benign"
"139","ADA2","T428I",NA,"VUS","PM2,BP4 supporting,PP2","","VUS Leaning Benign"
"140","ADA2","I405L",0,"VUS","PM2,BP4 supporting,PP2","contact with PTM site","VUS Leaning Benign"
"141","ADA2","D347N",0,"VUS","PM1,PM2,BP4 moderate","contact with PTM site","VUS Leaning Benign"
"142","ADA2","R126S",0,"VUS","PM2,BP4 supporting,PP2","","VUS Leaning Benign"
"143","ADA2","D292N",NA,"VUS","PM2,BP4 supporting,PP2","","VUS Leaning Benign"
"144","ADA2","Q145H",1e-04,"VUS","PM2,BP4 supporting,PP2","","VUS Leaning Benign"
"145","ADA2","Q88H",NA,"VUS","PM2,BP4 supporting,PP2","Protein-protein interaction site","VUS Leaning Benign"
"146","ADA2","T213I",0,"VUS","PM2,BP4 supporting,PP2","","VUS Leaning Benign"
"147","ADA2","S205L",0,"VUS","PM2,BP4 supporting,PP2","","VUS Leaning Benign"
"148","ADA2","M477T",0,"VUS","PM2,BP4 supporting,PP2","","VUS Leaning Benign"
"149","ADA2","R34Q",0,"VUS","PM2,BP4 supporting,PP2","Protein-protein interaction site and oligomerization site","VUS Leaning Benign"
"150","ADA2","I116T",0,"VUS","PM2,BP4 supporting,PP2","binding site","VUS Leaning Benign"
"151","ADA2","F212S",0,"VUS","PM2,BP4 supporting,PP2","","VUS Leaning Benign"
"152","ADA2","R45W",0,"VUS","PM2,BP4 supporting,PP2","Protein-protein interaction site","VUS Leaning Benign"
"153","ADA2","D167G",0,"VUS","PM1,PM2,BP4 moderate","","VUS Leaning Benign"
"154","ADA2","R312Q",0,"VUS","PM2,BP4 supporting,PP2","","VUS Leaning Benign"
"155","ADA2","H91R",1e-04,"VUS","PM2,BP4 supporting,PP2","Protein-protein interaction site","VUS Leaning Benign"
"156","ADA2","I214T",0,"VUS","PM2,BP4 supporting,PP2","","VUS Leaning Benign"
"157","ADA2","K481N",0,"VUS","PM2,BP4 supporting,PP2","","VUS Leaning Benign"
"158","ADA2","Y397S",0,"VUS","PM2,BP4 supporting,PP2","","VUS Leaning Benign"
"159","ADA2","G48A",0,"VUS","PM2,BP4 supporting,PP2","Protein-protein interaction site","VUS Leaning Benign"
"160","ADA2","Q97E",0,"VUS","PM2,BP4 supporting,PP2","Protein-protein interaction site","VUS Leaning Benign"
"161","ADA2","H133D",NA,"VUS","PM2,BP4 supporting,PP2","","VUS Leaning Benign"
"162","ADA2","N60S",0,"VUS","PM2,BP4 supporting,PP2","Protein-protein interaction site","VUS Leaning Benign"
"163","ADA2","T330S",0,"VUS","PM1,PM2,BP4 moderate","","VUS Leaning Benign"
"164","ADA2","R45G",0,"VUS","PM2,BP4 supporting,PP2","Protein-protein interaction site","VUS Leaning Benign"
"165","ADA2","E489Q",3e-04,"VUS","PM2,BP4 supporting,PP2","","VUS Leaning Benign"
"166","ADA2","M243I",0,"VUS","PM2,BP4 supporting,PP2","","VUS Leaning Benign"
"167","ADA2","Q145P",NA,"VUS","PM2,BP4 supporting,PP2","","VUS Leaning Benign"
"168","ADA2","I196V",0,"VUS","PM2,BP4 moderate,PP2","","VUS Leaning Benign"
"169","ADA2","I301V",NA,"VUS","PM2,BP4 moderate,PP2","","VUS Leaning Benign"
"170","ADA2","M477I",0,"VUS","PM2,BP4 moderate,PP2","","VUS Leaning Benign"
"171","ADA2","A18V",NA,"VUS","PM2,BP4 moderate,PP2","","VUS Leaning Benign"
"172","ADA2","H335P",0,"VUS","PM2,BP4 moderate,PP2","","VUS Leaning Benign"
"173","ADA2","I214V",0,"VUS","PM2,BP4 moderate,PP2","","VUS Leaning Benign"
"174","ADA2","V51L",0,"VUS","PM2,BP4 moderate,PP2","Protein-protein interaction site","VUS Leaning Benign"
"175","ADA2","S215T",NA,"VUS","PM2,BP4 moderate,PP2","","VUS Leaning Benign"
"176","ADA2","G25S",0,"VUS","PM2,BP4 moderate,PP2","","VUS Leaning Benign"
"177","ADA2","G25C",0,"VUS","PM2,BP4 moderate,PP2","","VUS Leaning Benign"
"178","ADA2","T33I",0,"VUS","PM2,BP4 moderate,PP2","Protein-protein interaction site","VUS Leaning Benign"
"179","ADA2","P151L",0,"VUS","PM2,BP4 moderate,PP2","","VUS Leaning Benign"
"180","ADA2","S295F",NA,"VUS","PM2,BP4 moderate,PP2","contact with PTM site","VUS Leaning Benign"
"181","ADA2","I505V",0,"VUS","PM2,BP4 moderate,PP2","","VUS Leaning Benign"
"182","ADA2","D31H",NA,"VUS","PM2,BP4 moderate,PP2","Protein-protein interaction site","VUS Leaning Benign"
"183","ADA2","M436V",0,"VUS","PM2,BP4 moderate,PP2","","VUS Leaning Benign"
"184","ADA2","E157A",0,"VUS","PM2,BP4 moderate,PP2","","VUS Leaning Benign"
"185","ADA2","I196T",0,"VUS","PM2,BP4 moderate,PP2","","VUS Leaning Benign"
"186","ADA2","I79L",NA,"VUS","PM2,BP4 moderate,PP2","Protein-protein interaction site","VUS Leaning Benign"
"187","ADA2","V172L",NA,"VUS","PM2,BP4 moderate,PP2","","VUS Leaning Benign"
"188","ADA2","R306Q",0,"VUS","PM2,BP4 moderate,PP2","contact with PTM site","VUS Leaning Benign"
"189","ADA2","E8K",0,"VUS","PM2,BP4 moderate,PP2","","VUS Leaning Benign"
"190","ADA2","I286V",0,"VUS","PM2,BP4 moderate,PP2","","VUS Leaning Benign"
"191","ADA2","V508M",0,"VUS","PM2,BP4 moderate,PP2","","VUS Leaning Benign"
"192","ADA2","R141K",0,"VUS","PM2,BP4 moderate,PP2","","VUS Leaning Benign"
"193","ADA2","A69T",0,"VUS","PM2,BP4 moderate,PP2","Protein-protein interaction site and contact with PTM site","VUS Leaning Benign"
"194","ADA2","L39M",0,"VUS","PM2,BP4 moderate,PP2","Protein-protein interaction site","VUS Leaning Benign"
"195","ADA2","R76G",NA,"VUS","PM2,BP4 moderate,PP2","Protein-protein interaction site and contact with PTM site","VUS Leaning Benign"
"196","ADA2","M21V",0,"VUS","PM2,BP4 moderate,PP2","","VUS Leaning Benign"
"197","ADA2","A27T",NA,"VUS","PM2,BP4 moderate,PP2","","VUS Leaning Benign"
"198","ADA2","R45Q",1e-04,"VUS","PM2,BP4 moderate,PP2","Protein-protein interaction site","VUS Leaning Benign"
"199","ADA2","M121I",NA,"VUS","PM2,BP4 moderate,PP2","","VUS Leaning Benign"
"200","ADA2","I30V",NA,"VUS","PM2,BP4 moderate,PP2","Protein-protein interaction site","VUS Leaning Benign"
"201","ADA2","R306G",0,"VUS","PM2,BP4 moderate,PP2","contact with PTM site","VUS Leaning Benign"
"202","ADA2","T209N",0,"VUS","PM2,BP4 moderate,PP2","","VUS Leaning Benign"
"203","ADA2","D4Y",0,"VUS","PM2,BP4 moderate,PP2","","VUS Leaning Benign"
"204","ADA2","I118L",0,"VUS","PM2,BP4 moderate,PP2","","VUS Leaning Benign"
"205","ADA2","A345T",0,"VUS","PM2,BP4 moderate,PP2","","VUS Leaning Benign"
"206","ADA2","A11V",0,"VUS","PM2,BP4 moderate,PP2","","VUS Leaning Benign"
"207","ADA2","D4N",0,"VUS","PM2,BP4 moderate,PP2","","VUS Leaning Benign"
"208","ADA2","E94D",0,"VUS","PM2,BP4 moderate,PP2","Protein-protein interaction site","VUS Leaning Benign"
"209","ADA2","R395K",NA,"VUS","PM2,BP4 moderate,PP2","","VUS Leaning Benign"
"210","ADA2","K338R",0,"VUS","PM2,BP4 moderate,PP2","","VUS Leaning Benign"
"211","ADA2","T492A",0,"VUS","PM2,BP4 moderate,PP2","","VUS Leaning Benign"
"212","ADA2","D336G",0,"VUS","PM2,BP4 moderate,PP2","","VUS Leaning Benign"
"213","ADA2","R126K",0,"VUS","PM2,BP4 moderate,PP2","","VUS Leaning Benign"
"214","ADA2","A27S",NA,"VUS","PM2,BP4 moderate,PP2","","VUS Leaning Benign"
"215","ADA2","A35V",1e-04,"VUS","PM2,BP4 moderate,PP2","Protein-protein interaction site","VUS Leaning Benign"
"216","ADA2","R9Q",0,"VUS","PM2,BP4 moderate,PP2","","VUS Leaning Benign"
"217","ADA2","E262K",0,"VUS","PM2,BP4 moderate,PP2","","VUS Leaning Benign"
"218","ADA2","R62S",NA,"VUS","PM2,BP4 moderate,PP2","Protein-protein interaction site","VUS Leaning Benign"
"219","ADA2","L28P",0,"VUS","PM2,BP4 moderate,PP2","","VUS Leaning Benign"
"220","ADA2","R49W",1e-04,"VUS","PM2,BP4 moderate,PP2","Protein-protein interaction site","VUS Leaning Benign"
"221","ADA2","K511Q",0,"VUS","PM2,BP4 strong,PP2","","Likely Benign"
"222","CDC42","P34L",NA,"VUS","PM2,PP3 moderate,PM5,PP2","Protein-protein interaction site and contact with PTM site","Likely Pathogenic"
"223","CDC42","P69L",NA,"VUS","PM1,PM2,PP3 moderate","Protein-protein interaction site","VUS Leaning Pathogenic"
"224","CDC42","E62Q",NA,"VUS","PM1,PM2,PP3 moderate","Protein-protein interaction site and contact with PTM site","VUS Leaning Pathogenic"
"225","CDC42","R120I",NA,"VUS","PM2,PP3 moderate,PP2","","VUS Leaning Pathogenic"
"226","CDC42","C157Y",NA,"VUS","PM2,PP3 moderate,PP2","contact with PTM site","VUS Leaning Pathogenic"
"227","CDC42","R147C",NA,"VUS","PM2,PP3 supporting,PP2","contact with PTM site","VUS"
"228","CDC42","M45T",NA,"VUS","PM2,PP3 supporting,PP2","","VUS"
"229","CDC42","R120K",NA,"VUS","PM2,PP3 supporting,PP2","","VUS"
"230","CDC42","R186H",NA,"VUS","PM2,BP4 supporting,PM5,PP2","contact with PTM site","VUS"
"231","CDC42","V8L",NA,"VUS","PM2,PP2","","VUS"
"232","CDC42","E156D",NA,"VUS","PM2,PP2","","VUS"
"233","CDC42","S124F",NA,"VUS","PM2,PP2","contact with PTM site","VUS"
"234","CDC42","A130V",NA,"VUS","PM2,PP2","contact with PTM site","VUS"
"235","CDC42","P182L",NA,"VUS","PM2,BP4 supporting,PP2","contact with PTM site","VUS Leaning Benign"
"236","CDC42","P139S",NA,"VUS","PM2,BP4 supporting,PP2","","VUS Leaning Benign"
"237","CDC42","P182Q",NA,"VUS","PM2,BP4 supporting,PP2","contact with PTM site","VUS Leaning Benign"
"238","CDC42","I137V",NA,"VUS","PM2,BP4 supporting,PP2","contact with PTM site","VUS Leaning Benign"
"239","CDC42","V189A",NA,"VUS","PM2,BP4 supporting,PP2","contact with PTM site","VUS Leaning Benign"
"240","STING1","R284K",NA,"VUS","PM1,PM2,PM5","","VUS Leaning Pathogenic"
"241","STING1","P203T",NA,"VUS","PM1,PM2,PP3 moderate","","VUS Leaning Pathogenic"
"242","STING1","A160V",NA,"VUS","PM1,PM2","","VUS"
"243","STING1","L268F",0,"VUS","PM1,PM2","","VUS"
"244","STING1","E286K",0,"VUS","PM1,PM2,BP4 supporting","oligomerization site and contact with PTM site","VUS"
"245","STING1","V208M",0,"VUS","PM1,PM2,BP4 supporting","","VUS"
"246","STING1","D283N",NA,"VUS","PM1,PM2,BP4 supporting","","VUS"
"247","STING1","L168P",0,"VUS","PM2,PP3 supporting","","VUS"
"248","STING1","L201P",0,"VUS","PM2,PP3 supporting","","VUS"
"249","STING1","L130P",0,"VUS","PM2","oligomerization site","VUS Leaning Benign"
"250","STING1","A288V",NA,"VUS","PM1,PM2,BP4 moderate","contact with PTM site","VUS Leaning Benign"
"251","STING1","Y164D",NA,"VUS","PM2","","VUS Leaning Benign"
"252","STING1","G57V",0,"VUS","PM2","","VUS Leaning Benign"
"253","STING1","G207E",NA,"VUS","PM1,PM2,BP4 moderate","","VUS Leaning Benign"
"254","STING1","H7Q",0,"VUS","PM2","","VUS Leaning Benign"
"255","STING1","A288T",0,"VUS","PM1,PM2,BP4 moderate","contact with PTM site","VUS Leaning Benign"
"256","STING1","V24F",NA,"VUS","PM2","","VUS Leaning Benign"
"257","STING1","H42P",0,"VUS","PM2","","VUS Leaning Benign"
"258","STING1","R45W",0,"VUS","PM2","","VUS Leaning Benign"
"259","STING1","L311P",0,"VUS","PM2","","VUS Leaning Benign"
"260","STING1","L175P",NA,"VUS","PM2","","VUS Leaning Benign"
"261","STING1","A22D",0,"VUS","PM2","","VUS Leaning Benign"
"262","STING1","G207V",NA,"VUS","PM1,PM2,BP4 moderate","","VUS Leaning Benign"
"263","STING1","E282K",0,"VUS","PM1,PM2,BP4 moderate","","VUS Leaning Benign"
"264","STING1","A233T",0,"VUS","PM2","","VUS Leaning Benign"
"265","STING1","A262G",NA,"VUS","PM2","contact with PTM site","VUS Leaning Benign"
"266","STING1","L54P",0,"VUS","PM2","","VUS Leaning Benign"
"267","STING1","P264S",0,"VUS","PM2","contact with PTM site","VUS Leaning Benign"
"268","STING1","M1T",NA,"VUS","PM2","","VUS Leaning Benign"
"269","STING1","E282G",0,"VUS","PM1,PM2,BP4 moderate","","VUS Leaning Benign"
"270","STING1","R197W",0,"VUS","PM2","","VUS Leaning Benign"
"271","STING1","A262T",1e-04,"VUS","PM2","contact with PTM site","VUS Leaning Benign"
"272","STING1","S9F",0,"VUS","PM2","","VUS Leaning Benign"
"273","STING1","P11L",0,"VUS","PM2","","VUS Leaning Benign"
"274","STING1","P371T",NA,"VUS","PM2","Protein-protein interaction site","VUS Leaning Benign"
"275","STING1","R197Q",0,"VUS","PM2","","VUS Leaning Benign"
"276","STING1","A97D",NA,"VUS","PM2,BP4 supporting","oligomerization site","VUS Leaning Benign"
"277","STING1","R86P",0,"VUS","PM2,BP4 supporting","","VUS Leaning Benign"
"278","STING1","L133H",0,"VUS","PM2,BP4 supporting","oligomerization site","VUS Leaning Benign"
"279","STING1","I132S",NA,"VUS","PM2,BP4 supporting","","VUS Leaning Benign"
"280","STING1","G37E",NA,"VUS","PM2,BP4 supporting","","VUS Leaning Benign"
"281","STING1","R169W",0,"VUS","PM2,BP4 supporting","","VUS Leaning Benign"
"282","STING1","E143A",NA,"VUS","PM2,BP4 supporting","","VUS Leaning Benign"
"283","STING1","Q327P",NA,"VUS","PM2,BP4 supporting","","VUS Leaning Benign"
"284","STING1","W34C",NA,"VUS","PM2,BP4 supporting","","VUS Leaning Benign"
"285","STING1","Y182S",0,"VUS","PM2,BP4 supporting","contact with PTM site","VUS Leaning Benign"
"286","STING1","M368I",0,"VUS","PM2,BP4 supporting","Protein-protein interaction site","VUS Leaning Benign"
"287","STING1","G62R",0,"VUS","PM2,BP4 supporting","","VUS Leaning Benign"
"288","STING1","R78P",NA,"VUS","PM2,BP4 supporting","","VUS Leaning Benign"
"289","STING1","E336K",0,"VUS","PM2,BP4 supporting","","VUS Leaning Benign"
"290","STING1","G251R",0,"VUS","PM2,BP4 supporting","","VUS Leaning Benign"
"291","STING1","E339K",NA,"VUS","PM2,BP4 supporting","Protein-protein interaction site and contact with PTM site","VUS Leaning Benign"
"292","STING1","R71S",0,"VUS","PM2,BP4 supporting","","VUS Leaning Benign"
"293","STING1","D377Y",0,"VUS","PM2,BP4 supporting","Protein-protein interaction site","VUS Leaning Benign"
"294","STING1","Q335K",0,"VUS","PM2,BP4 supporting","contact with PTM site","VUS Leaning Benign"
"295","STING1","S213R",0,"VUS","PM2,BP4 supporting","","VUS Leaning Benign"
"296","STING1","R375C",0,"VUS","PM2,BP4 supporting","Protein-protein interaction site","VUS Leaning Benign"
"297","STING1","R310H",0,"VUS","PM2,BP4 supporting","","VUS Leaning Benign"
"298","STING1","R178W",0,"VUS","PM2,BP4 supporting","contact with PTM site","VUS Leaning Benign"
"299","STING1","R94C",0,"VUS","PM2,BP4 moderate","","Likely Benign"
"300","STING1","N111K",NA,"VUS","PM2,BP4 moderate","","Likely Benign"
"301","STING1","L109F",NA,"VUS","PM2,BP4 moderate","","Likely Benign"
"302","STING1","L126V",NA,"VUS","PM2,BP4 moderate","oligomerization site","Likely Benign"
"303","STING1","A87T",NA,"VUS","PM2,BP4 moderate","contact with PTM site","Likely Benign"
"304","STING1","I132N",0,"VUS","PM2,BP4 moderate","","Likely Benign"
"305","STING1","A122T",NA,"VUS","PM2,BP4 moderate","","Likely Benign"
"306","STING1","C91Y",NA,"VUS","PM2,BP4 moderate","oligomerization site","Likely Benign"
"307","STING1","P92H",NA,"VUS","PM2,BP4 moderate","","Likely Benign"
"308","STING1","T118I",0,"VUS","PM2,BP4 moderate","","Likely Benign"
"309","STING1","L133F",0,"VUS","PM2,BP4 moderate","oligomerization site","Likely Benign"
"310","STING1","R86W",0,"VUS","PM2,BP4 moderate","","Likely Benign"
"311","STING1","R94H",1e-04,"VUS","PM2,BP4 moderate","","Likely Benign"
"312","STING1","G37R",0,"VUS","PM2,BP4 moderate","","Likely Benign"
"313","STING1","T376K",0,"VUS","PM2,BP4 moderate","Protein-protein interaction site","Likely Benign"
"314","STING1","S65R",NA,"VUS","PM2,BP4 moderate","","Likely Benign"
"315","STING1","Q228R",NA,"VUS","PM2,BP4 moderate","contact with PTM site","Likely Benign"
"316","STING1","R220L",0,"VUS","PM2,BP4 moderate","contact with PTM site","Likely Benign"
"317","STING1","I144T",0,"VUS","PM2,BP4 moderate","","Likely Benign"
"318","STING1","T229I",0,"VUS","PM2,BP4 moderate","Phosphorylation site","Likely Benign"
"319","STING1","V343A",0,"VUS","PM2,BP4 moderate","Protein-protein interaction site and contact with PTM site","Likely Benign"
"320","STING1","R71C",0,"VUS","PM2,BP4 moderate","","Likely Benign"
"321","STING1","R331W",0,"VUS","PM2,BP4 moderate","","Likely Benign"
"322","STING1","Q276E",0,"VUS","PM2,BP4 moderate","","Likely Benign"
"323","STING1","T354N",0,"VUS","PM2,BP4 moderate","Protein-protein interaction site and Phosphorylation site","Likely Benign"
"324","STING1","R178Q",0,"VUS","PM2,BP4 moderate","contact with PTM site","Likely Benign"
"325","STING1","A270T",0,"VUS","PM2,BP4 moderate","","Likely Benign"
"326","STING1","L23F",NA,"VUS","PM2,BP4 moderate","oligomerization site","Likely Benign"
"327","STING1","Q252R",0,"VUS","PM2,BP4 moderate","","Likely Benign"
"328","STING1","P303H",0,"VUS","PM2,BP4 moderate","","Likely Benign"
"329","STING1","G230C",0,"VUS","PM2,BP4 moderate","contact with PTM site","Likely Benign"
"330","STING1","D231N",NA,"VUS","PM2,BP4 moderate","contact with PTM site","Likely Benign"
"331","STING1","L311F",0,"VUS","PM2,BP4 moderate","","Likely Benign"
"332","STING1","R220C",0,"VUS","PM2,BP4 moderate","contact with PTM site","Likely Benign"
"333","STING1","G192D",0,"VUS","PM2,BP4 moderate","","Likely Benign"
"334","STING1","T43P",NA,"VUS","PM2,BP4 moderate","","Likely Benign"
"335","STING1","T32I",0,"VUS","PM2,BP4 moderate","","Likely Benign"
"336","STING1","A318P",0,"VUS","PM2,BP4 moderate","","Likely Benign"
"337","STING1","T342N",0,"VUS","PM2,BP4 moderate","Protein-protein interaction site and Phosphorylation site","Likely Benign"
"338","STING1","Q184L",0,"VUS","PM2,BP4 moderate","contact with PTM site","Likely Benign"
"339","STING1","P2L",NA,"VUS","PM2,BP4 moderate","","Likely Benign"
"340","STING1","T354I",0,"VUS","PM2,BP4 moderate","Protein-protein interaction site and Phosphorylation site","Likely Benign"
"341","STING1","E174K",0,"VUS","PM2,BP4 moderate","","Likely Benign"
"342","STING1","V31L",NA,"VUS","PM2,BP4 moderate","","Likely Benign"
"343","STING1","S241T",0,"VUS","PM2,BP4 moderate","Phosphorylation site","Likely Benign"
"344","STING1","E362K",0,"VUS","PM2,BP4 moderate","Protein-protein interaction site","Likely Benign"
"345","STING1","R310C",0,"VUS","PM2,BP4 moderate","","Likely Benign"
"346","STING1","T256S",1e-04,"VUS","PM2,BP4 moderate","Phosphorylation site","Likely Benign"
"347","STING1","G138A",0,"VUS","PM2,BP4 moderate","","Likely Benign"
"348","STING1","H74Y",0,"VUS","PM2,BP4 moderate","","Likely Benign"
"349","STING1","I144V",0,"VUS","PM2,BP4 moderate","","Likely Benign"
"350","STING1","A177T",0,"VUS","PM2,BP4 moderate","contact with PTM site","Likely Benign"
"351","STING1","A350V",0,"VUS","PM2,BP4 moderate","Protein-protein interaction site","Likely Benign"
"352","STING1","D237Y",0,"VUS","PM2,BP4 moderate","contact with PTM site","Likely Benign"
"353","STING1","V341L",0,"VUS","PM2,BP4 moderate","Protein-protein interaction site and contact with PTM site","Likely Benign"
"354","STING1","T256I",0,"VUS","PM2,BP4 moderate","Phosphorylation site","Likely Benign"
"355","STING1","N183H",0,"VUS","PM2,BP4 moderate","","Likely Benign"
"356","STING1","P2S",0,"VUS","PM2,BP4 moderate","","Likely Benign"
"357","STING1","V48L",2e-04,"VUS","PM2,BP4 moderate","","Likely Benign"
"358","STING1","I165V",0,"VUS","PM2,BP4 moderate","","Likely Benign"
"359","STING1","T376M",0,"VUS","PM2,BP4 moderate","Protein-protein interaction site","Likely Benign"
"360","STING1","D223G",0,"VUS","PM2,BP4 moderate","oligomerization site","Likely Benign"
"361","STING1","R45Q",0,"VUS","PM2,BP4 moderate","","Likely Benign"
"362","STING1","I165L",0,"VUS","PM2,BP4 moderate","","Likely Benign"
"363","STING1","G230S",0,"VUS","PM2,BP4 moderate","contact with PTM site","Likely Benign"
"364","STING1","V31A",0,"VUS","PM2,BP4 moderate","","Likely Benign"
"365","STING1","A254V",0,"VUS","PM2,BP4 moderate","","Likely Benign"
"366","STING1","R334W",0,"VUS","PM2,BP4 moderate","contact with PTM site","Likely Benign"
"367","STING1","G17R",0,"VUS","PM2,BP4 moderate","","Likely Benign"
"368","STING1","H3Y",0,"VUS","PM2,BP4 moderate","","Likely Benign"
"369","STING1","A318S",0,"VUS","PM2,BP4 moderate","","Likely Benign"
"370","STING1","Q327K",0,"VUS","PM2,BP4 moderate","","Likely Benign"
"371","STING1","T376R",0,"VUS","PM2,BP4 moderate","Protein-protein interaction site","Likely Benign"
"372","STING1","R253W",1e-04,"VUS","PM2,BP4 moderate","contact with PTM site","Likely Benign"
"373","STING1","N183S",1e-04,"VUS","PM2,BP4 moderate","","Likely Benign"
"374","STING1","A112V",0,"VUS","PM2,BP4 strong","","Likely Benign"
"375","STING1","R95H",0,"VUS","PM2,BP4 strong","","Likely Benign"
"376","STING1","V113I",0,"VUS","PM2,BP4 strong","","Likely Benign"
"377","STING1","V343M",0,"VUS","PM2,BP4 strong","Protein-protein interaction site and contact with PTM site","Likely Benign"
"378","STING1","T43I",0,"VUS","PM2,BP4 strong","","Likely Benign"
"379","STING1","D237G",NA,"VUS","PM2,BP4 strong","contact with PTM site","Likely Benign"
"380","STING1","R191Q",0,"VUS","PM2,BP4 strong","","Likely Benign"
"381","STING1","P352S",0,"VUS","PM2,BP4 strong","Protein-protein interaction site and contact with PTM site","Likely Benign"
"382","STING1","A140T",0,"VUS","PM2,BP4 strong","","Likely Benign"
"383","STING1","R78Q",0,"VUS","PM2,BP4 strong","","Likely Benign"
"384","STING1","R334Q",0,"VUS","PM2,BP4 strong","contact with PTM site","Likely Benign"
"385","TBK1","D135G",NA,"VUS","PM2,PP3 strong","contact with PTM site","VUS Leaning Pathogenic"
"386","TBK1","Y179H",NA,"VUS","PM2,PP3 moderate","Phosphorylation site","VUS"
"387","TBK1","D118V",NA,"VUS","PM2,PM5","contact with PTM site","VUS"
"388","TBK1","I141T",NA,"VUS","PM2,PP3 moderate","contact with PTM site","VUS"
"389","TBK1","T176I",NA,"VUS","PM2,PP3 moderate","contact with PTM site","VUS"
"390","TBK1","I207T",NA,"VUS","PM2,PP3 supporting","contact with PTM site","VUS"
"391","TBK1","G217R",NA,"VUS","PM2,PP3 supporting","contact with PTM site","VUS"
"392","TBK1","E178G",NA,"VUS","PM2,PP3 supporting","contact with PTM site","VUS"
"393","TBK1","R134H",NA,"VUS","PM2,PP3 supporting","contact with PTM site","VUS"
"394","TBK1","G255R",NA,"VUS","PM2,PP3 supporting","contact with PTM site","VUS"
"395","TBK1","T343S",NA,"VUS","PM2,PP3 supporting","contact with PTM site","VUS"
"396","TBK1","M690R",NA,"VUS","PM2,PP3 supporting","contact with PTM site","VUS"
"397","TBK1","I257T",NA,"VUS","PM2,PP3 supporting","contact with PTM site","VUS"
"398","TBK1","L693S",NA,"VUS","PM2,PP3 supporting","Protein-protein interaction site and contact with PTM site","VUS"
"399","TBK1","E55K",NA,"VUS","PM2,PP3 supporting","contact with PTM site","VUS"
"400","TBK1","I284N",NA,"VUS","PM2,PP3 supporting","contact with PTM site","VUS"
"401","TBK1","D183G",NA,"VUS","PM2,PP3 supporting","contact with PTM site","VUS"
"402","TBK1","A188V",NA,"VUS","PM2","contact with PTM site","VUS Leaning Benign"
"403","TBK1","E147G",NA,"VUS","PM2","contact with PTM site","VUS Leaning Benign"
"404","TBK1","M1T",NA,"VUS","PM2","Protein-protein interaction site and contact with PTM site","VUS Leaning Benign"
"405","TBK1","H312R",NA,"VUS","PM2","contact with PTM site","VUS Leaning Benign"
"406","TBK1","I710N",NA,"VUS","PM2","Protein-protein interaction site and contact with PTM site","VUS Leaning Benign"
"407","TBK1","G244V",NA,"VUS","PM2","Protein-protein interaction site and contact with PTM site","VUS Leaning Benign"
"408","TBK1","G294S",NA,"VUS","PM2","contact with PTM site","VUS Leaning Benign"
"409","TBK1","A214E",NA,"VUS","PM2","contact with PTM site","VUS Leaning Benign"
"410","TBK1","E351K",NA,"VUS","PM2","contact with PTM site","VUS Leaning Benign"
"411","TBK1","K241N",NA,"VUS","PM2","contact with PTM site","VUS Leaning Benign"
"412","TBK1","Y406C",NA,"VUS","PM2","Protein-protein interaction site and contact with PTM site","VUS Leaning Benign"
"413","TBK1","R405C",NA,"VUS","PM2","Protein-protein interaction site and contact with PTM site","VUS Leaning Benign"
"414","TBK1","M184V",NA,"VUS","PM2","contact with PTM site","VUS Leaning Benign"
"415","TBK1","C471Y",NA,"VUS","PM2","contact with PTM site","VUS Leaning Benign"
"416","TBK1","R143H",NA,"VUS","PM2","contact with PTM site","VUS Leaning Benign"
"417","TBK1","D407H",NA,"VUS","PM2","contact with PTM site","VUS Leaning Benign"
"418","TBK1","E253A",NA,"VUS","PM2","contact with PTM site","VUS Leaning Benign"
"419","TBK1","R27G",NA,"VUS","PM2","Protein-protein interaction site and contact with PTM site","VUS Leaning Benign"
"420","TBK1","I37S",NA,"VUS","PM2","contact with PTM site","VUS Leaning Benign"
"421","TBK1","R713S",NA,"VUS","PM2","Protein-protein interaction site and contact with PTM site","VUS Leaning Benign"
"422","TBK1","S151C",NA,"VUS","PM2","contact with PTM site","VUS Leaning Benign"
"423","TBK1","N22D",NA,"VUS","PM2","contact with PTM site","VUS Leaning Benign"
"424","TBK1","R127Q",NA,"VUS","PM2","contact with PTM site","VUS Leaning Benign"
"425","TBK1","L532P",NA,"VUS","PM2","contact with PTM site","VUS Leaning Benign"
"426","TBK1","P48A",NA,"VUS","PM2","contact with PTM site","VUS Leaning Benign"
"427","TBK1","F601L",NA,"VUS","PM2","contact with PTM site","VUS Leaning Benign"
"428","TBK1","T210I",NA,"VUS","PM2","contact with PTM site","VUS Leaning Benign"
"429","TBK1","G146A",NA,"VUS","PM2","contact with PTM site","VUS Leaning Benign"
"430","TBK1","V58M",NA,"VUS","PM2","contact with PTM site","VUS Leaning Benign"
"431","TBK1","L683S",NA,"VUS","PM2","Protein-protein interaction site and contact with PTM site","VUS Leaning Benign"
"432","TBK1","G32S",NA,"VUS","PM2","contact with PTM site","VUS Leaning Benign"
"433","TBK1","V189M",NA,"VUS","PM2","contact with PTM site","VUS Leaning Benign"
"434","TBK1","K192E",NA,"VUS","PM2","contact with PTM site","VUS Leaning Benign"
"435","TBK1","N129D",NA,"VUS","PM2","contact with PTM site","VUS Leaning Benign"
"436","TBK1","E580G",NA,"VUS","PM2","contact with PTM site","VUS Leaning Benign"
"437","TBK1","H322L",NA,"VUS","PM2","contact with PTM site","VUS Leaning Benign"
"438","TBK1","Y105C",NA,"VUS","PM2","contact with PTM site","VUS Leaning Benign"
"439","TBK1","R228H",NA,"VUS","PM2","contact with PTM site","VUS Leaning Benign"
"440","TBK1","R358C",NA,"VUS","PM2","contact with PTM site","VUS Leaning Benign"
"441","TBK1","V97D",NA,"VUS","PM2","contact with PTM site","VUS Leaning Benign"
"442","TBK1","V726A",NA,"VUS","PM2","contact with PTM site","VUS Leaning Benign"
"443","TBK1","C471S",NA,"VUS","PM2","contact with PTM site","VUS Leaning Benign"
"444","TBK1","D50A",NA,"VUS","PM2","contact with PTM site","VUS Leaning Benign"
"445","TBK1","T331I",NA,"VUS","PM2","contact with PTM site","VUS Leaning Benign"
"446","TBK1","K291E",NA,"VUS","PM2","contact with PTM site","VUS Leaning Benign"
"447","TBK1","K401E",NA,"VUS","PM2","Ubiquitination site","VUS Leaning Benign"
"448","TBK1","Q565H",NA,"VUS","PM2,BP4 supporting","contact with PTM site","VUS Leaning Benign"
"449","TBK1","E618K",NA,"VUS","PM2,BP4 supporting","contact with PTM site","VUS Leaning Benign"
"450","TBK1","G699R",NA,"VUS","PM2,BP4 supporting","contact with PTM site","VUS Leaning Benign"
"451","TBK1","V726I",NA,"VUS","PM2,BP4 supporting","contact with PTM site","VUS Leaning Benign"
"452","TBK1","G722D",NA,"VUS","PM2,BP4 supporting","Protein-protein interaction site and contact with PTM site","VUS Leaning Benign"
"453","TBK1","P544L",NA,"VUS","PM2,BP4 supporting","contact with PTM site","VUS Leaning Benign"
"454","TBK1","Q2R",NA,"VUS","PM2,BP4 supporting","contact with PTM site","VUS Leaning Benign"
"455","TBK1","R573S",NA,"VUS","PM2,BP4 supporting","contact with PTM site","VUS Leaning Benign"
"456","TBK1","T79I",NA,"VUS","PM2,BP4 supporting","contact with PTM site","VUS Leaning Benign"
"457","TBK1","S511F",NA,"VUS","PM2,BP4 supporting","contact with PTM site","VUS Leaning Benign"
"458","TBK1","L269V",NA,"VUS","PM2,BP4 supporting","contact with PTM site","VUS Leaning Benign"
"459","TBK1","Q436R",NA,"VUS","PM2,BP4 supporting","contact with PTM site","VUS Leaning Benign"
"460","TBK1","R440Q",NA,"VUS","PM2,BP4 supporting","contact with PTM site","VUS Leaning Benign"
"461","TBK1","T79R",NA,"VUS","PM2,BP4 supporting","contact with PTM site","VUS Leaning Benign"
"462","TBK1","R627G",NA,"VUS","PM2,BP4 supporting","contact with PTM site","VUS Leaning Benign"
"463","TBK1","R724H",NA,"VUS","PM2,BP4 supporting","Protein-protein interaction site and contact with PTM site","VUS Leaning Benign"
"464","TBK1","I37F",NA,"VUS","PM2,BP4 supporting","contact with PTM site","VUS Leaning Benign"
"465","TBK1","I353T",NA,"VUS","PM2,BP4 supporting","contact with PTM site","VUS Leaning Benign"
"466","TBK1","I43R",NA,"VUS","PM2,BP4 supporting","contact with PTM site","VUS Leaning Benign"
"467","TBK1","G410R",NA,"VUS","PM2,BP4 supporting","contact with PTM site","VUS Leaning Benign"
"468","TBK1","N129Y",NA,"VUS","PM2,BP4 supporting","contact with PTM site","VUS Leaning Benign"
"469","TBK1","K197N",NA,"VUS","PM2,BP4 supporting","contact with PTM site","VUS Leaning Benign"
"470","TBK1","T302S",NA,"VUS","PM2,BP4 supporting","contact with PTM site","VUS Leaning Benign"
"471","TBK1","V97I",NA,"VUS","PM2,BP4 supporting","contact with PTM site","VUS Leaning Benign"
"472","TBK1","S527C",NA,"VUS","PM2,BP4 supporting","contact with PTM site","VUS Leaning Benign"
"473","TBK1","R573C",NA,"VUS","PM2,BP4 supporting","contact with PTM site","VUS Leaning Benign"
"474","TBK1","I14T",NA,"VUS","PM2,BP4 supporting","contact with PTM site","VUS Leaning Benign"
"475","TBK1","V152L",NA,"VUS","PM2,BP4 supporting","contact with PTM site","VUS Leaning Benign"
"476","TBK1","V171I",NA,"VUS","PM2,BP4 supporting","contact with PTM site","VUS Leaning Benign"
"477","TBK1","K441Q",NA,"VUS","PM2,BP4 supporting","contact with PTM site","VUS Leaning Benign"
"478","TBK1","L98I",NA,"VUS","PM2,BP4 supporting","contact with PTM site","VUS Leaning Benign"
"479","TBK1","I237V",NA,"VUS","PM2,BP4 supporting","Protein-protein interaction site and contact with PTM site","VUS Leaning Benign"
"480","TBK1","Y394D",NA,"VUS","PM2,BP4 supporting","Phosphorylation site","VUS Leaning Benign"
"481","TBK1","G530R",NA,"VUS","PM2,BP4 supporting","contact with PTM site","VUS Leaning Benign"
"482","TBK1","G541D",NA,"VUS","PM2,BP4 supporting","contact with PTM site","VUS Leaning Benign"
"483","TBK1","S383I",NA,"VUS","PM2,BP4 supporting","contact with PTM site","VUS Leaning Benign"
"484","TBK1","R573H",NA,"VUS","PM2,BP4 supporting","contact with PTM site","VUS Leaning Benign"
"485","TBK1","I379V",NA,"VUS","PM2,BP4 supporting","contact with PTM site","VUS Leaning Benign"
"486","TBK1","H403Q",NA,"VUS","PM2,BP4 moderate","contact with PTM site","Likely Benign"
"487","TBK1","T79A",NA,"VUS","PM2,BP4 moderate","contact with PTM site","Likely Benign"
"488","TBK1","I640V",NA,"VUS","PM2,BP4 moderate","contact with PTM site","Likely Benign"
"489","TBK1","T517S",NA,"VUS","PM2,BP4 moderate","contact with PTM site","Likely Benign"
"490","TBK1","N455S",NA,"VUS","PM2,BP4 moderate","contact with PTM site","Likely Benign"
"491","TBK1","V265A",NA,"VUS","PM2,BP4 moderate","contact with PTM site","Likely Benign"
"492","TBK1","M559V",NA,"VUS","PM2,BP4 moderate","contact with PTM site","Likely Benign"
"493","TBK1","A429G",NA,"VUS","PM2,BP4 moderate","contact with PTM site","Likely Benign"
"494","TBK1","L399F",NA,"VUS","PM2,BP4 moderate","contact with PTM site","Likely Benign"
"495","TBK1","V144I",NA,"VUS","PM2,BP4 moderate","contact with PTM site","Likely Benign"
"496","TBK1","N455I",NA,"VUS","PM2,BP4 moderate","contact with PTM site","Likely Benign"
"497","TBK1","S632L",NA,"VUS","PM2,BP4 moderate","contact with PTM site","Likely Benign"
"498","TBK1","I488S",NA,"VUS","PM2,BP4 moderate","contact with PTM site","Likely Benign"
"499","TBK1","T517A",NA,"VUS","PM2,BP4 moderate","contact with PTM site","Likely Benign"
"500","TBK1","S5Y",NA,"VUS","PM2,BP4 moderate","contact with PTM site","Likely Benign"
"501","TBK1","S398F",NA,"VUS","PM2,BP4 moderate","contact with PTM site","Likely Benign"
"502","TBK1","E642K",NA,"VUS","PM2,BP4 moderate","contact with PTM site","Likely Benign"
"503","TBK1","R117Q",NA,"VUS","PM2,BP4 moderate","contact with PTM site","Likely Benign"
"504","TBK1","H538Y",NA,"VUS","PM2,BP4 moderate","contact with PTM site","Likely Benign"
"505","TBK1","I85V",NA,"VUS","PM2,BP4 moderate","contact with PTM site","Likely Benign"
"506","TBK1","M719V",NA,"VUS","PM2,BP4 moderate","contact with PTM site","Likely Benign"
"507","TBK1","K692R",NA,"VUS","PM2,BP4 moderate","contact with PTM site","Likely Benign"
"508","TBK1","T96A",NA,"VUS","PM2,BP4 moderate","contact with PTM site","Likely Benign"
"509","TBK1","I73V",NA,"VUS","PM2,BP4 moderate","contact with PTM site","Likely Benign"
"510","TBK1","L729F",NA,"VUS","PM2,BP4 moderate","contact with PTM site","Likely Benign"
"511","TBK1","T77I",NA,"VUS","PM2,BP4 moderate","contact with PTM site","Likely Benign"
"512","TBK1","A492G",NA,"VUS","PM2,BP4 moderate","contact with PTM site","Likely Benign"
"513","TBK1","T664I",NA,"VUS","PM2,BP4 moderate","contact with PTM site","Likely Benign"
"514","TBK1","T374A",NA,"VUS","PM2,BP4 moderate","contact with PTM site","Likely Benign"
"515","TBK1","A492V",NA,"VUS","PM2,BP4 moderate","contact with PTM site","Likely Benign"
"516","TBK1","L626I",NA,"VUS","PM2,BP4 moderate","contact with PTM site","Likely Benign"
"517","TBK1","N725S",NA,"VUS","PM2,BP4 moderate","contact with PTM site","Likely Benign"
"518","TBK1","A245V",NA,"VUS","PM2,BP4 moderate","contact with PTM site","Likely Benign"
"519","TBK1","P101A",NA,"VUS","PM2,BP4 moderate","contact with PTM site","Likely Benign"
"520","TBK1","I522M",NA,"VUS","PM2,BP4 moderate","contact with PTM site","Likely Benign"
"521","TBK1","N489S",NA,"VUS","PM2,BP4 moderate","contact with PTM site","Likely Benign"
"522","TBK1","A321V",NA,"VUS","PM2,BP4 moderate","contact with PTM site","Likely Benign"
"523","TBK1","T431I",NA,"VUS","PM2,BP4 moderate","contact with PTM site","Likely Benign"
"524","TBK1","I346T",NA,"VUS","PM2,BP4 moderate","contact with PTM site","Likely Benign"
"525","TBK1","A576G",NA,"VUS","PM2,BP4 moderate","contact with PTM site","Likely Benign"
"526","TBK1","S679G",NA,"VUS","PM2,BP4 moderate","contact with PTM site","Likely Benign"
"527","TBK1","V606I",NA,"VUS","PM2,BP4 moderate","contact with PTM site","Likely Benign"
"528","TBK1","K584R",NA,"VUS","PM2,BP4 moderate","Protein-protein interaction site and Ubiquitination site","Likely Benign"
"529","TBK1","I353V",NA,"VUS","PM2,BP4 moderate","contact with PTM site","Likely Benign"
"530","TBK1","L723V",NA,"VUS","PM2,BP4 moderate","Protein-protein interaction site and contact with PTM site","Likely Benign"
"531","TBK1","G364E",NA,"VUS","PM2,BP4 moderate","contact with PTM site","Likely Benign"
"532","TBK1","I397T",NA,"VUS","PM2,BP4 moderate","contact with PTM site","Likely Benign"
"533","TBK1","I37V",NA,"VUS","PM2,BP4 moderate","contact with PTM site","Likely Benign"
"534","TBK1","Y564C",NA,"VUS","PM2,BP4 moderate","contact with PTM site","Likely Benign"
"535","TBK1","V49G",NA,"VUS","PM2,BP4 moderate","contact with PTM site","Likely Benign"
"536","TBK1","V421I",NA,"VUS","PM2,BP4 moderate","contact with PTM site","Likely Benign"
"537","TBK1","Q629H",NA,"VUS","PM2,BP4 moderate","contact with PTM site","Likely Benign"
"538","TBK1","I393M",NA,"VUS","PM2,BP4 moderate","contact with PTM site","Likely Benign"
"539","TBK1","E540V",NA,"VUS","PM2,BP4 moderate","contact with PTM site","Likely Benign"
"540","TBK1","S268G",NA,"VUS","PM2,BP4 moderate","contact with PTM site","Likely Benign"
"541","TBK1","H502R",NA,"VUS","PM2,BP4 moderate","contact with PTM site","Likely Benign"
"542","TBK1","T651N",NA,"VUS","PM2,BP4 moderate","contact with PTM site","Likely Benign"
"543","TBK1","A535T",NA,"VUS","PM2,BP4 moderate","contact with PTM site","Likely Benign"
"544","TBK1","D453E",NA,"VUS","PM2,BP4 moderate","contact with PTM site","Likely Benign"
"545","TBK1","I14V",NA,"VUS","PM2,BP4 moderate","contact with PTM site","Likely Benign"
"546","TBK1","T503I",NA,"VUS","PM2,BP4 moderate","contact with PTM site","Likely Benign"
"547","WDR1","G76R",NA,"VUS","PM2,PP3 moderate,BP1","contact with PTM site","VUS"
"548","WDR1","H531Q",NA,"VUS","PM2,PP3 moderate,BP1","","VUS"
"549","WDR1","D210E",NA,"VUS","PM2,PP3 moderate,BP1","","VUS"
"550","WDR1","D107Y",NA,"VUS","PM2,PP3 supporting,BP1","","VUS Leaning Benign"
"551","WDR1","V40D",NA,"VUS","PM2,PP3 supporting,BP1","","VUS Leaning Benign"
"552","WDR1","D113G",NA,"VUS","PM2,PP3 supporting,BP1","contact with PTM site","VUS Leaning Benign"
"553","WDR1","P199S",NA,"VUS","PM2,PP3 supporting,BP1","","VUS Leaning Benign"
"554","WDR1","W133R",NA,"VUS","PM2,PP3 supporting,BP1","contact with PTM site","VUS Leaning Benign"
"555","WDR1","R161W",NA,"VUS","PM2,PP3 supporting,BP1","contact with PTM site","VUS Leaning Benign"
"556","WDR1","G70R",NA,"VUS","PM2,PP3 supporting,BP1","contact with PTM site","VUS Leaning Benign"
"557","WDR1","V119M",NA,"VUS","PM2,BP1","","VUS Leaning Benign"
"558","WDR1","G299R",NA,"VUS","PM2,BP1","","VUS Leaning Benign"
"559","WDR1","W133S",NA,"VUS","PM2,BP1","contact with PTM site","VUS Leaning Benign"
"560","WDR1","D245Y",NA,"VUS","PM2,BP1","","VUS Leaning Benign"
"561","WDR1","G211S",NA,"VUS","PM2,BP1","","VUS Leaning Benign"
"562","WDR1","A239T",NA,"VUS","PM2,BP1","","VUS Leaning Benign"
"563","WDR1","A118V",NA,"VUS","PM2,BP1","","VUS Leaning Benign"
"564","WDR1","Q156R",NA,"VUS","PM2,BP1","","VUS Leaning Benign"
"565","WDR1","H454Y",NA,"VUS","PM2,BP1","","VUS Leaning Benign"
"566","WDR1","M555I",NA,"VUS","PM2,BP1","","VUS Leaning Benign"
"567","WDR1","R158Q",NA,"VUS","PM2,BP1","","VUS Leaning Benign"
"568","WDR1","T353M",NA,"VUS","PM2,BP1","","VUS Leaning Benign"
"569","WDR1","K95Q",NA,"VUS","PM2,BP1","Acethylation site","VUS Leaning Benign"
"570","WDR1","K259R",NA,"VUS","PM2,BP1","","VUS Leaning Benign"
"571","WDR1","A10P",NA,"VUS","PM2,BP1","","VUS Leaning Benign"
"572","WDR1","V278G",NA,"VUS","PM2,BP1","contact with PTM site","VUS Leaning Benign"
"573","WDR1","T391I",NA,"VUS","PM2,BP1","","VUS Leaning Benign"
"574","WDR1","S79Y",NA,"VUS","PM2,BP1","contact with PTM site","VUS Leaning Benign"
"575","WDR1","T327M",NA,"VUS","PM2,BP1","","VUS Leaning Benign"
"576","WDR1","A252V",NA,"VUS","PM2,BP1","","VUS Leaning Benign"
"577","WDR1","D245N",NA,"VUS","PM2,BP1","","VUS Leaning Benign"
"578","WDR1","S137F",NA,"VUS","PM2,BP1","","VUS Leaning Benign"
"579","WDR1","G235D",NA,"VUS","PM2,BP1","","VUS Leaning Benign"
"580","WDR1","R161Q",NA,"VUS","PM2,BP1","contact with PTM site","VUS Leaning Benign"
"581","WDR1","R158W",NA,"VUS","PM2,BP1","","VUS Leaning Benign"
"582","WDR1","R190C",NA,"VUS","PM2,BP1","","VUS Leaning Benign"
"583","WDR1","I73F",NA,"VUS","PM2,BP1","","VUS Leaning Benign"
"584","WDR1","T87A",NA,"VUS","PM2,BP1","","VUS Leaning Benign"
"585","WDR1","H345Q",NA,"VUS","PM2,BP1","","VUS Leaning Benign"
"586","WDR1","R116S",NA,"VUS","PM2,BP1","contact with PTM site","VUS Leaning Benign"
"587","WDR1","S189C",NA,"VUS","PM2,BP4 supporting,BP1","","Likely Benign"
"588","WDR1","I108V",NA,"VUS","PM2,BP4 supporting,BP1","","Likely Benign"
"589","WDR1","T391A",NA,"VUS","PM2,BP4 supporting,BP1","","Likely Benign"
"590","WDR1","D442H",NA,"VUS","PM2,BP4 supporting,BP1","","Likely Benign"
"591","WDR1","E587K",NA,"VUS","PM2,BP4 supporting,BP1","","Likely Benign"
"592","WDR1","G418R",NA,"VUS","PM2,BP4 supporting,BP1","","Likely Benign"
"593","WDR1","Y557C",NA,"VUS","PM2,BP4 supporting,BP1","","Likely Benign"
"594","WDR1","M555V",NA,"VUS","PM2,BP4 supporting,BP1","","Likely Benign"
"595","WDR1","E222K",NA,"VUS","PM2,BP4 supporting,BP1","","Likely Benign"
"596","WDR1","L50R",NA,"VUS","PM2,BP4 supporting,BP1","","Likely Benign"
"597","WDR1","I426V",NA,"VUS","PM2,BP4 supporting,BP1","","Likely Benign"
"598","WDR1","S114N",NA,"VUS","PM2,BP4 supporting,BP1","contact with PTM site","Likely Benign"
"599","WDR1","Q99H",NA,"VUS","PM2,BP4 supporting,BP1","contact with PTM site","Likely Benign"
"600","WDR1","T88M",NA,"VUS","PM2,BP4 supporting,BP1","","Likely Benign"
"601","WDR1","A502T",NA,"VUS","PM2,BP4 supporting,BP1","","Likely Benign"
"602","WDR1","R190H",NA,"VUS","PM2,BP4 supporting,BP1","","Likely Benign"
"603","WDR1","C170R",NA,"VUS","PM2,BP4 supporting,BP1","","Likely Benign"
"604","WDR1","G550S",NA,"VUS","PM2,BP4 supporting,BP1","","Likely Benign"
"605","WDR1","V536L",NA,"VUS","PM2,BP4 supporting,BP1","","Likely Benign"
"606","WDR1","P177S",NA,"VUS","PM2,BP4 supporting,BP1","","Likely Benign"
"607","WDR1","K219N",NA,"VUS","PM2,BP4 supporting,BP1","Acethylation site","Likely Benign"
"608","WDR1","V422M",NA,"VUS","PM2,BP4 supporting,BP1","","Likely Benign"
"609","WDR1","Y214H",NA,"VUS","PM2,BP4 supporting,BP1","","Likely Benign"
"610","WDR1","V453M",NA,"VUS","PM2,BP4 supporting,BP1","","Likely Benign"
"611","WDR1","S383G",NA,"VUS","PM2,BP4 supporting,BP1","","Likely Benign"
"612","WDR1","R190S",NA,"VUS","PM2,BP4 supporting,BP1","","Likely Benign"
"613","WDR1","A519V",NA,"VUS","PM2,BP4 supporting,BP1","","Likely Benign"
"614","WDR1","K480N",NA,"VUS","PM2,BP4 supporting,BP1","Acethylation site","Likely Benign"
"615","WDR1","G476D",NA,"VUS","PM2,BP4 supporting,BP1","","Likely Benign"
"616","WDR1","G400R",NA,"VUS","PM2,BP4 supporting,BP1","","Likely Benign"
"617","WDR1","I5M",NA,"VUS","PM2,BP4 moderate,BP1","","Likely Benign"
"618","WDR1","E4D",NA,"VUS","PM2,BP4 moderate,BP1","","Likely Benign"
"619","WDR1","V15M",NA,"VUS","PM2,BP4 moderate,BP1","","Likely Benign"
"620","WDR1","A509T",NA,"VUS","PM2,BP4 moderate,BP1","","Likely Benign"
"621","WDR1","A360T",NA,"VUS","PM2,BP4 moderate,BP1","","Likely Benign"
"622","WDR1","N202T",NA,"VUS","PM2,BP4 moderate,BP1","","Likely Benign"
"623","WDR1","V469I",NA,"VUS","PM2,BP4 moderate,BP1","","Likely Benign"
"624","WDR1","A172S",NA,"VUS","PM2,BP4 moderate,BP1","","Likely Benign"
"625","WDR1","A226T",NA,"VUS","PM2,BP4 moderate,BP1","","Likely Benign"
"626","WDR1","A102T",NA,"VUS","PM2,BP4 moderate,BP1","","Likely Benign"
"627","WDR1","T603I",NA,"VUS","PM2,BP4 moderate,BP1","","Likely Benign"
"628","WDR1","V599L",NA,"VUS","PM2,BP4 moderate,BP1","","Likely Benign"
"629","WDR1","G400E",NA,"VUS","PM2,BP4 moderate,BP1","","Likely Benign"
"630","WDR1","G332D",NA,"VUS","PM2,BP4 moderate,BP1","","Likely Benign"
"631","WDR1","H588N",NA,"VUS","PM2,BP4 moderate,BP1","","Likely Benign"
"632","WDR1","D234N",NA,"VUS","PM2,BP4 moderate,BP1","","Likely Benign"
"633","WDR1","V527L",NA,"VUS","PM2,BP4 moderate,BP1","","Likely Benign"
"634","WDR1","D481N",NA,"VUS","PM2,BP4 moderate,BP1","contact with PTM site","Likely Benign"
"635","WDR1","V408I",NA,"VUS","PM2,BP4 moderate,BP1","","Likely Benign"
"636","WDR1","V388M",NA,"VUS","PM2,BP4 moderate,BP1","","Likely Benign"
"637","WDR1","A171T",NA,"VUS","PM2,BP4 moderate,BP1","","Likely Benign"
"638","WDR1","T247S",NA,"VUS","PM2,BP4 moderate,BP1","","Likely Benign"
"639","WDR1","A58T",NA,"VUS","PM2,BP4 moderate,BP1","","Likely Benign"
"640","WDR1","G467S",NA,"VUS","PM2,BP4 moderate,BP1","","Likely Benign"
"641","WDR1","R396Q",NA,"VUS","PM2,BP4 moderate,BP1","","Likely Benign"
"642","WDR1","G332S",NA,"VUS","PM2,BP4 moderate,BP1","","Likely Benign"
"643","WDR1","N308S",NA,"VUS","PM2,BP4 moderate,BP1","","Likely Benign"
"644","WDR1","S264T",NA,"VUS","PM2,BP4 moderate,BP1","","Likely Benign"
"645","WDR1","K362Q",NA,"VUS","PM2,BP4 moderate,BP1","","Likely Benign"
"646","WDR1","T277M",NA,"VUS","PM2,BP4 moderate,BP1","contact with PTM site","Likely Benign"
"647","WDR1","T459M",NA,"VUS","PM2,BP4 moderate,BP1","","Likely Benign"
"648","WDR1","V315I",NA,"VUS","PM2,BP4 moderate,BP1","","Likely Benign"
"649","WDR1","A360S",NA,"VUS","PM2,BP4 moderate,BP1","","Likely Benign"
"650","WDR1","N443K",NA,"VUS","PM2,BP4 moderate,BP1","","Likely Benign"
"651","WDR1","G333S",NA,"VUS","PM2,BP4 moderate,BP1","","Likely Benign"
"652","WDR1","P273L",NA,"VUS","PM2,BP4 moderate,BP1","","Likely Benign"
"653","WDR1","V415I",NA,"VUS","PM2,BP4 moderate,BP1","","Likely Benign"
"654","WDR1","K334T",NA,"VUS","PM2,BP4 moderate,BP1","","Likely Benign"
"655","WDR1","G456S",NA,"VUS","PM2,BP4 moderate,BP1","","Likely Benign"
"656","WDR1","V495M",NA,"VUS","PM2,BP4 moderate,BP1","","Likely Benign"
"657","WDR1","A226V",NA,"VUS","PM2,BP4 moderate,BP1","","Likely Benign"
"658","WDR1","V268M",NA,"VUS","PM2,BP4 moderate,BP1","","Likely Benign"
"659","WDR1","Q14H",NA,"VUS","PM2,BP4 moderate,BP1","","Likely Benign"
"660","WDR1","V265M",NA,"VUS","PM2,BP4 moderate,BP1","","Likely Benign"
"661","WDR1","G521S",NA,"VUS","PM2,BP4 moderate,BP1","","Likely Benign"
"662","WDR1","K311R",NA,"VUS","PM2,BP4 moderate,BP1","","Likely Benign"
